,code,expire_day,exchange,left_day,datetime
0,lc2408-P-132000,20240705,GFEX,28,2024-06-07 14:35:26.751269
1,lc2408-P-164000,20240705,GFEX,28,2024-06-07 14:35:26.751269
2,lc2408-C-194000,20240705,GFEX,28,2024-06-07 14:35:26.751269
3,lc2408-P-150000,20240705,GFEX,28,2024-06-07 14:35:26.751269
4,lc2408-P-190000,20240705,GFEX,28,2024-06-07 14:35:26.751269
5,lc2408-P-174000,20240705,GFEX,28,2024-06-07 14:35:26.751269
6,lc2408-C-166000,20240705,GFEX,28,2024-06-07 14:35:26.751269
7,lc2408-C-114000,20240705,GFEX,28,2024-06-07 14:35:26.751269
8,lc2408-C-132000,20240705,GFEX,28,2024-06-07 14:35:26.751269
9,lc2408-P-158000,20240705,GFEX,28,2024-06-07 14:35:26.751269
10,lc2408-C-134000,20240705,GFEX,28,2024-06-07 14:35:26.751269
11,lc2408-C-124000,20240705,GFEX,28,2024-06-07 14:35:26.751269
12,lc2408-C-156000,20240705,GFEX,28,2024-06-07 14:35:26.751269
13,lc2408-P-170000,20240705,GFEX,28,2024-06-07 14:35:26.751269
14,lc2408-C-118000,20240705,GFEX,28,2024-06-07 14:35:26.751269
15,lc2408-C-142000,20240705,GFEX,28,2024-06-07 14:35:26.751269
16,lc2408-P-126000,20240705,GFEX,28,2024-06-07 14:35:26.751269
17,lc2408-C-164000,20240705,GFEX,28,2024-06-07 14:35:26.751269
18,lc2408-P-124000,20240705,GFEX,28,2024-06-07 14:35:26.751269
19,lc2408-C-162000,20240705,GFEX,28,2024-06-07 14:35:26.751269
20,lc2408-P-156000,20240705,GFEX,28,2024-06-07 14:35:26.751269
21,lc2408-C-170000,20240705,GFEX,28,2024-06-07 14:35:26.751269
22,lc2408-C-152000,20240705,GFEX,28,2024-06-07 14:35:26.751269
23,lc2408-P-136000,20240705,GFEX,28,2024-06-07 14:35:26.751269
24,lc2408-P-198000,20240705,GFEX,28,2024-06-07 14:35:26.751269
25,lc2408-P-194000,20240705,GFEX,28,2024-06-07 14:35:26.751269
26,lc2408-C-198000,20240705,GFEX,28,2024-06-07 14:35:26.751269
27,lc2408-C-154000,20240705,GFEX,28,2024-06-07 14:35:26.751269
28,lc2408-C-160000,20240705,GFEX,28,2024-06-07 14:35:26.751269
29,lc2408-C-184000,20240705,GFEX,28,2024-06-07 14:35:26.751269
30,lc2408-P-130000,20240705,GFEX,28,2024-06-07 14:35:26.751269
31,lc2408-C-148000,20240705,GFEX,28,2024-06-07 14:35:26.751269
32,lc2408-C-122000,20240705,GFEX,28,2024-06-07 14:35:26.751269
33,lc2408-C-126000,20240705,GFEX,28,2024-06-07 14:35:26.751269
34,lc2408-P-152000,20240705,GFEX,28,2024-06-07 14:35:26.751269
35,lc2408-P-178000,20240705,GFEX,28,2024-06-07 14:35:26.751269
36,lc2408-C-178000,20240705,GFEX,28,2024-06-07 14:35:26.751269
37,lc2408-P-176000,20240705,GFEX,28,2024-06-07 14:35:26.751269
38,lc2408-P-162000,20240705,GFEX,28,2024-06-07 14:35:26.751269
39,lc2408-P-192000,20240705,GFEX,28,2024-06-07 14:35:26.751269
40,lc2408-C-128000,20240705,GFEX,28,2024-06-07 14:35:26.751269
41,lc2408-C-158000,20240705,GFEX,28,2024-06-07 14:35:26.751269
42,lc2408-P-112000,20240705,GFEX,28,2024-06-07 14:35:26.751269
43,lc2408-C-188000,20240705,GFEX,28,2024-06-07 14:35:26.751269
44,lc2408-P-138000,20240705,GFEX,28,2024-06-07 14:35:26.751269
45,lc2408-C-150000,20240705,GFEX,28,2024-06-07 14:35:26.751269
46,lc2408-P-186000,20240705,GFEX,28,2024-06-07 14:35:26.751269
47,lc2408-C-138000,20240705,GFEX,28,2024-06-07 14:35:26.751269
48,lc2408-C-186000,20240705,GFEX,28,2024-06-07 14:35:26.751269
49,lc2408-C-130000,20240705,GFEX,28,2024-06-07 14:35:26.751269
50,lc2408-C-190000,20240705,GFEX,28,2024-06-07 14:35:26.751269
51,lc2408-C-180000,20240705,GFEX,28,2024-06-07 14:35:26.751269
52,lc2408-P-144000,20240705,GFEX,28,2024-06-07 14:35:26.751269
53,lc2408-P-120000,20240705,GFEX,28,2024-06-07 14:35:26.751269
54,lc2408-P-180000,20240705,GFEX,28,2024-06-07 14:35:26.751269
55,lc2408-C-176000,20240705,GFEX,28,2024-06-07 14:35:26.751269
56,lc2408-P-188000,20240705,GFEX,28,2024-06-07 14:35:26.751269
57,lc2408-P-118000,20240705,GFEX,28,2024-06-07 14:35:26.751269
58,lc2408-C-140000,20240705,GFEX,28,2024-06-07 14:35:26.751269
59,lc2408-P-182000,20240705,GFEX,28,2024-06-07 14:35:26.751269
60,lc2408-P-134000,20240705,GFEX,28,2024-06-07 14:35:26.751269
61,lc2408-C-144000,20240705,GFEX,28,2024-06-07 14:35:26.751269
62,lc2408-P-200000,20240705,GFEX,28,2024-06-07 14:35:26.751269
63,lc2408-P-172000,20240705,GFEX,28,2024-06-07 14:35:26.751269
64,lc2408-P-146000,20240705,GFEX,28,2024-06-07 14:35:26.751269
65,lc2408-P-142000,20240705,GFEX,28,2024-06-07 14:35:26.751269
66,lc2408-C-146000,20240705,GFEX,28,2024-06-07 14:35:26.751269
67,lc2408-P-196000,20240705,GFEX,28,2024-06-07 14:35:26.751269
68,lc2408-C-192000,20240705,GFEX,28,2024-06-07 14:35:26.751269
69,lc2408-P-114000,20240705,GFEX,28,2024-06-07 14:35:26.751269
70,lc2408-P-154000,20240705,GFEX,28,2024-06-07 14:35:26.751269
71,lc2408-P-160000,20240705,GFEX,28,2024-06-07 14:35:26.751269
72,lc2408-P-140000,20240705,GFEX,28,2024-06-07 14:35:26.751269
73,lc2408-P-116000,20240705,GFEX,28,2024-06-07 14:35:26.751269
74,lc2408-C-112000,20240705,GFEX,28,2024-06-07 14:35:26.751269
75,lc2408-C-120000,20240705,GFEX,28,2024-06-07 14:35:26.751269
76,lc2408-C-174000,20240705,GFEX,28,2024-06-07 14:35:26.751269
77,lc2408-P-168000,20240705,GFEX,28,2024-06-07 14:35:26.751269
78,lc2408-C-116000,20240705,GFEX,28,2024-06-07 14:35:26.751269
79,lc2408-C-83000,20240705,GFEX,28,2024-06-07 14:35:26.751269
80,lc2408-P-82000,20240705,GFEX,28,2024-06-07 14:35:26.751269
81,lc2408-P-79000,20240705,GFEX,28,2024-06-07 14:35:26.751269
82,lc2408-C-85000,20240705,GFEX,28,2024-06-07 14:35:26.751269
83,lc2408-C-81000,20240705,GFEX,28,2024-06-07 14:35:26.751269
84,lc2408-C-76000,20240705,GFEX,28,2024-06-07 14:35:26.751269
85,lc2408-P-78000,20240705,GFEX,28,2024-06-07 14:35:26.751269
86,rb2407C4350,20240624,SHFE,17,2024-06-07 14:35:26.751269
87,rb2407P4350,20240624,SHFE,17,2024-06-07 14:35:26.751269
88,cu2407C76000,20240624,SHFE,17,2024-06-07 14:35:26.751269
89,cu2407P76000,20240624,SHFE,17,2024-06-07 14:35:26.751269
90,p2408-C-8700,20240705,DCE,28,2024-06-07 14:35:26.751269
91,p2408-P-8700,20240705,DCE,28,2024-06-07 14:35:26.751269
92,au2407P464,20240624,SHFE,17,2024-06-07 14:35:26.751269
93,au2407C464,20240624,SHFE,17,2024-06-07 14:35:26.751269
94,cu2407C75000,20240624,SHFE,17,2024-06-07 14:35:26.751269
95,cu2407P75000,20240624,SHFE,17,2024-06-07 14:35:26.751269
96,cu2407C61000,20240624,SHFE,17,2024-06-07 14:35:26.751269
97,cu2407C73000,20240624,SHFE,17,2024-06-07 14:35:26.751269
98,cu2407C64000,20240624,SHFE,17,2024-06-07 14:35:26.751269
99,cu2407C71000,20240624,SHFE,17,2024-06-07 14:35:26.751269
100,cu2407C62000,20240624,SHFE,17,2024-06-07 14:35:26.751269
101,cu2407P71000,20240624,SHFE,17,2024-06-07 14:35:26.751269
102,cu2407C69000,20240624,SHFE,17,2024-06-07 14:35:26.751269
103,cu2407C67000,20240624,SHFE,17,2024-06-07 14:35:26.751269
104,cu2407P67000,20240624,SHFE,17,2024-06-07 14:35:26.751269
105,cu2407P66000,20240624,SHFE,17,2024-06-07 14:35:26.751269
106,cu2407C68000,20240624,SHFE,17,2024-06-07 14:35:26.751269
107,cu2407P63000,20240624,SHFE,17,2024-06-07 14:35:26.751269
108,cu2407P64000,20240624,SHFE,17,2024-06-07 14:35:26.751269
109,cu2407C66000,20240624,SHFE,17,2024-06-07 14:35:26.751269
110,cu2407P70000,20240624,SHFE,17,2024-06-07 14:35:26.751269
111,cu2407C74000,20240624,SHFE,17,2024-06-07 14:35:26.751269
112,cu2407P72000,20240624,SHFE,17,2024-06-07 14:35:26.751269
113,cu2407C70000,20240624,SHFE,17,2024-06-07 14:35:26.751269
114,cu2407P68000,20240624,SHFE,17,2024-06-07 14:35:26.751269
115,cu2407P69000,20240624,SHFE,17,2024-06-07 14:35:26.751269
116,cu2407C63000,20240624,SHFE,17,2024-06-07 14:35:26.751269
117,cu2407P73000,20240624,SHFE,17,2024-06-07 14:35:26.751269
118,cu2407P74000,20240624,SHFE,17,2024-06-07 14:35:26.751269
119,cu2407C65000,20240624,SHFE,17,2024-06-07 14:35:26.751269
120,cu2407P61000,20240624,SHFE,17,2024-06-07 14:35:26.751269
121,cu2407P62000,20240624,SHFE,17,2024-06-07 14:35:26.751269
122,cu2407P65000,20240624,SHFE,17,2024-06-07 14:35:26.751269
123,cu2407C72000,20240624,SHFE,17,2024-06-07 14:35:26.751269
124,p2408-P-5900,20240705,DCE,28,2024-06-07 14:35:26.751269
125,eb2408-C-9800,20240705,DCE,28,2024-06-07 14:35:26.751269
126,eb2408-P-10000,20240705,DCE,28,2024-06-07 14:35:26.751269
127,p2408-C-5900,20240705,DCE,28,2024-06-07 14:35:26.751269
128,p2408-P-5800,20240705,DCE,28,2024-06-07 14:35:26.751269
129,m2408-P-2700,20240705,DCE,28,2024-06-07 14:35:26.751269
130,cu2407P77000,20240624,SHFE,17,2024-06-07 14:35:26.751269
131,lc2408-P-100000,20240705,GFEX,28,2024-06-07 14:35:26.751269
132,rb2407P3500,20240624,SHFE,17,2024-06-07 14:35:26.751269
133,rb2407C3500,20240624,SHFE,17,2024-06-07 14:35:26.751269
134,al2407C20600,20240624,SHFE,17,2024-06-07 14:35:26.751269
135,al2407P20600,20240624,SHFE,17,2024-06-07 14:35:26.751269
136,eb2408-C-9900,20240705,DCE,28,2024-06-07 14:35:26.751269
137,eb2408-C-10000,20240705,DCE,28,2024-06-07 14:35:26.751269
138,eb2408-P-9800,20240705,DCE,28,2024-06-07 14:35:26.751269
139,rb2407C3450,20240624,SHFE,17,2024-06-07 14:35:26.751269
140,cu2407P59000,20240624,SHFE,17,2024-06-07 14:35:26.751269
141,al2407P20400,20240624,SHFE,17,2024-06-07 14:35:26.751269
142,al2407P18700,20240624,SHFE,17,2024-06-07 14:35:26.751269
143,al2407P17500,20240624,SHFE,17,2024-06-07 14:35:26.751269
144,al2407P19300,20240624,SHFE,17,2024-06-07 14:35:26.751269
145,al2407C19500,20240624,SHFE,17,2024-06-07 14:35:26.751269
146,al2407C19800,20240624,SHFE,17,2024-06-07 14:35:26.751269
147,al2407C17200,20240624,SHFE,17,2024-06-07 14:35:26.751269
148,al2407C18500,20240624,SHFE,17,2024-06-07 14:35:26.751269
149,al2407C20000,20240624,SHFE,17,2024-06-07 14:35:26.751269
150,al2407C18600,20240624,SHFE,17,2024-06-07 14:35:26.751269
151,al2407C17300,20240624,SHFE,17,2024-06-07 14:35:26.751269
152,al2407C19300,20240624,SHFE,17,2024-06-07 14:35:26.751269
153,al2407P19400,20240624,SHFE,17,2024-06-07 14:35:26.751269
154,al2407P17400,20240624,SHFE,17,2024-06-07 14:35:26.751269
155,al2407P18900,20240624,SHFE,17,2024-06-07 14:35:26.751269
156,al2407C17400,20240624,SHFE,17,2024-06-07 14:35:26.751269
157,al2407P18300,20240624,SHFE,17,2024-06-07 14:35:26.751269
158,al2407C19900,20240624,SHFE,17,2024-06-07 14:35:26.751269
159,al2407C17800,20240624,SHFE,17,2024-06-07 14:35:26.751269
160,al2407C18300,20240624,SHFE,17,2024-06-07 14:35:26.751269
161,al2407P19500,20240624,SHFE,17,2024-06-07 14:35:26.751269
162,al2407C19600,20240624,SHFE,17,2024-06-07 14:35:26.751269
163,lc2408-P-102000,20240705,GFEX,28,2024-06-07 14:35:26.751269
164,lc2408-C-100000,20240705,GFEX,28,2024-06-07 14:35:26.751269
165,lc2408-C-102000,20240705,GFEX,28,2024-06-07 14:35:26.751269
166,rb2407C4300,20240624,SHFE,17,2024-06-07 14:35:26.751269
167,rb2407P4300,20240624,SHFE,17,2024-06-07 14:35:26.751269
168,al2407P21800,20240624,SHFE,17,2024-06-07 14:35:26.751269
169,al2407C21800,20240624,SHFE,17,2024-06-07 14:35:26.751269
170,cu2407C82000,20240624,SHFE,17,2024-06-07 14:35:26.751269
171,cu2407P82000,20240624,SHFE,17,2024-06-07 14:35:26.751269
172,rb2407C3350,20240624,SHFE,17,2024-06-07 14:35:26.751269
173,rb2407P3350,20240624,SHFE,17,2024-06-07 14:35:26.751269
174,si2408-C-10600,20240705,GFEX,28,2024-06-07 14:35:26.751269
175,al2407C19700,20240624,SHFE,17,2024-06-07 14:35:26.751269
176,al2407C19000,20240624,SHFE,17,2024-06-07 14:35:26.751269
177,al2407P18000,20240624,SHFE,17,2024-06-07 14:35:26.751269
178,al2407P17900,20240624,SHFE,17,2024-06-07 14:35:26.751269
179,al2407P19000,20240624,SHFE,17,2024-06-07 14:35:26.751269
180,al2407P18600,20240624,SHFE,17,2024-06-07 14:35:26.751269
181,al2407C17000,20240624,SHFE,17,2024-06-07 14:35:26.751269
182,al2407C18000,20240624,SHFE,17,2024-06-07 14:35:26.751269
183,al2407C18400,20240624,SHFE,17,2024-06-07 14:35:26.751269
184,al2407C18200,20240624,SHFE,17,2024-06-07 14:35:26.751269
185,al2407C17900,20240624,SHFE,17,2024-06-07 14:35:26.751269
186,al2407C17600,20240624,SHFE,17,2024-06-07 14:35:26.751269
187,al2407C18900,20240624,SHFE,17,2024-06-07 14:35:26.751269
188,al2407P18400,20240624,SHFE,17,2024-06-07 14:35:26.751269
189,al2407P19900,20240624,SHFE,17,2024-06-07 14:35:26.751269
190,al2407P19700,20240624,SHFE,17,2024-06-07 14:35:26.751269
191,al2407P17600,20240624,SHFE,17,2024-06-07 14:35:26.751269
192,al2407C19100,20240624,SHFE,17,2024-06-07 14:35:26.751269
193,al2407C18700,20240624,SHFE,17,2024-06-07 14:35:26.751269
194,al2407C20200,20240624,SHFE,17,2024-06-07 14:35:26.751269
195,al2407P17100,20240624,SHFE,17,2024-06-07 14:35:26.751269
196,al2407P18100,20240624,SHFE,17,2024-06-07 14:35:26.751269
197,al2407P20000,20240624,SHFE,17,2024-06-07 14:35:26.751269
198,al2407P18800,20240624,SHFE,17,2024-06-07 14:35:26.751269
199,al2407P17200,20240624,SHFE,17,2024-06-07 14:35:26.751269
200,al2407C18100,20240624,SHFE,17,2024-06-07 14:35:26.751269
201,al2407P19100,20240624,SHFE,17,2024-06-07 14:35:26.751269
202,al2407P19800,20240624,SHFE,17,2024-06-07 14:35:26.751269
203,al2407P19600,20240624,SHFE,17,2024-06-07 14:35:26.751269
204,al2407P19200,20240624,SHFE,17,2024-06-07 14:35:26.751269
205,al2407C19400,20240624,SHFE,17,2024-06-07 14:35:26.751269
206,al2407C17100,20240624,SHFE,17,2024-06-07 14:35:26.751269
207,al2407P20200,20240624,SHFE,17,2024-06-07 14:35:26.751269
208,al2407P17700,20240624,SHFE,17,2024-06-07 14:35:26.751269
209,al2407C20400,20240624,SHFE,17,2024-06-07 14:35:26.751269
210,al2407C19200,20240624,SHFE,17,2024-06-07 14:35:26.751269
211,al2407P17800,20240624,SHFE,17,2024-06-07 14:35:26.751269
212,al2407C17700,20240624,SHFE,17,2024-06-07 14:35:26.751269
213,al2407P18200,20240624,SHFE,17,2024-06-07 14:35:26.751269
214,al2407C18800,20240624,SHFE,17,2024-06-07 14:35:26.751269
215,al2407P18500,20240624,SHFE,17,2024-06-07 14:35:26.751269
216,al2407C17500,20240624,SHFE,17,2024-06-07 14:35:26.751269
217,al2407P17300,20240624,SHFE,17,2024-06-07 14:35:26.751269
218,al2407P17000,20240624,SHFE,17,2024-06-07 14:35:26.751269
219,al2407P16800,20240624,SHFE,17,2024-06-07 14:35:26.751269
220,al2407C16900,20240624,SHFE,17,2024-06-07 14:35:26.751269
221,al2407C16800,20240624,SHFE,17,2024-06-07 14:35:26.751269
222,al2407P16900,20240624,SHFE,17,2024-06-07 14:35:26.751269
223,p2408-C-8800,20240705,DCE,28,2024-06-07 14:35:26.751269
224,p2408-C-8900,20240705,DCE,28,2024-06-07 14:35:26.751269
225,p2408-P-8900,20240705,DCE,28,2024-06-07 14:35:26.751269
226,p2408-P-8800,20240705,DCE,28,2024-06-07 14:35:26.751269
227,zn2407P25000,20240624,SHFE,17,2024-06-07 14:35:26.751269
228,al2407C22600,20240624,SHFE,17,2024-06-07 14:35:26.751269
229,zn2407C25000,20240624,SHFE,17,2024-06-07 14:35:26.751269
230,al2407P22600,20240624,SHFE,17,2024-06-07 14:35:26.751269
231,cu2407P80000,20240624,SHFE,17,2024-06-07 14:35:26.751269
232,cu2407C80000,20240624,SHFE,17,2024-06-07 14:35:26.751269
233,cu2407P90000,20240624,SHFE,17,2024-06-07 14:35:26.751269
234,cu2407C90000,20240624,SHFE,17,2024-06-07 14:35:26.751269
235,si2408-P-10600,20240705,GFEX,28,2024-06-07 14:35:26.751269
236,ag2407C8100,20240624,SHFE,17,2024-06-07 14:35:26.751269
237,ag2407P8200,20240624,SHFE,17,2024-06-07 14:35:26.751269
238,al2407P21200,20240624,SHFE,17,2024-06-07 14:35:26.751269
239,al2407C21200,20240624,SHFE,17,2024-06-07 14:35:26.751269
240,al2407C21400,20240624,SHFE,17,2024-06-07 14:35:26.751269
241,al2407P21400,20240624,SHFE,17,2024-06-07 14:35:26.751269
242,al2407P21600,20240624,SHFE,17,2024-06-07 14:35:26.751269
243,rb2407C3150,20240624,SHFE,17,2024-06-07 14:35:26.751269
244,al2407C21600,20240624,SHFE,17,2024-06-07 14:35:26.751269
245,rb2407P3150,20240624,SHFE,17,2024-06-07 14:35:26.751269
246,si2408-P-11000,20240705,GFEX,28,2024-06-07 14:35:26.751269
247,si2408-C-11000,20240705,GFEX,28,2024-06-07 14:35:26.751269
248,al2407P21000,20240624,SHFE,17,2024-06-07 14:35:26.751269
249,al2407C21000,20240624,SHFE,17,2024-06-07 14:35:26.751269
250,cu2407P78000,20240624,SHFE,17,2024-06-07 14:35:26.751269
251,cu2407C78000,20240624,SHFE,17,2024-06-07 14:35:26.751269
252,al2407C22000,20240624,SHFE,17,2024-06-07 14:35:26.751269
253,zn2407C23800,20240624,SHFE,17,2024-06-07 14:35:26.751269
254,cu2407C84000,20240624,SHFE,17,2024-06-07 14:35:26.751269
255,cu2407P84000,20240624,SHFE,17,2024-06-07 14:35:26.751269
256,zn2407P23800,20240624,SHFE,17,2024-06-07 14:35:26.751269
257,al2407P22000,20240624,SHFE,17,2024-06-07 14:35:26.751269
258,zn2407P23600,20240624,SHFE,17,2024-06-07 14:35:26.751269
259,zn2407C23600,20240624,SHFE,17,2024-06-07 14:35:26.751269
260,eb2408-C-9600,20240705,DCE,28,2024-06-07 14:35:26.751269
261,eb2408-P-9600,20240705,DCE,28,2024-06-07 14:35:26.751269
262,p2408-C-5800,20240705,DCE,28,2024-06-07 14:35:26.751269
263,rb2407P3400,20240624,SHFE,17,2024-06-07 14:35:26.751269
264,zn2407P21400,20240624,SHFE,17,2024-06-07 14:35:26.751269
265,zn2407C21000,20240624,SHFE,17,2024-06-07 14:35:26.751269
266,zn2407C21600,20240624,SHFE,17,2024-06-07 14:35:26.751269
267,zn2407P19600,20240624,SHFE,17,2024-06-07 14:35:26.751269
268,zn2407C20600,20240624,SHFE,17,2024-06-07 14:35:26.751269
269,zn2407P22000,20240624,SHFE,17,2024-06-07 14:35:26.751269
270,zn2407P19800,20240624,SHFE,17,2024-06-07 14:35:26.751269
271,zn2407P20600,20240624,SHFE,17,2024-06-07 14:35:26.751269
272,zn2407P21200,20240624,SHFE,17,2024-06-07 14:35:26.751269
273,zn2407P20800,20240624,SHFE,17,2024-06-07 14:35:26.751269
274,zn2407P20400,20240624,SHFE,17,2024-06-07 14:35:26.751269
275,zn2407C23400,20240624,SHFE,17,2024-06-07 14:35:26.751269
276,zn2407C21200,20240624,SHFE,17,2024-06-07 14:35:26.751269
277,zn2407C22800,20240624,SHFE,17,2024-06-07 14:35:26.751269
278,zn2407C23000,20240624,SHFE,17,2024-06-07 14:35:26.751269
279,zn2407C19800,20240624,SHFE,17,2024-06-07 14:35:26.751269
280,zn2407C21800,20240624,SHFE,17,2024-06-07 14:35:26.751269
281,zn2407C22400,20240624,SHFE,17,2024-06-07 14:35:26.751269
282,zn2407C19600,20240624,SHFE,17,2024-06-07 14:35:26.751269
283,zn2407P23200,20240624,SHFE,17,2024-06-07 14:35:26.751269
284,zn2407C19400,20240624,SHFE,17,2024-06-07 14:35:26.751269
285,zn2407P22200,20240624,SHFE,17,2024-06-07 14:35:26.751269
286,zn2407C22000,20240624,SHFE,17,2024-06-07 14:35:26.751269
287,zn2407C20000,20240624,SHFE,17,2024-06-07 14:35:26.751269
288,zn2407C22600,20240624,SHFE,17,2024-06-07 14:35:26.751269
289,zn2407C23200,20240624,SHFE,17,2024-06-07 14:35:26.751269
290,zn2407C20400,20240624,SHFE,17,2024-06-07 14:35:26.751269
291,zn2407P23000,20240624,SHFE,17,2024-06-07 14:35:26.751269
292,zn2407C20200,20240624,SHFE,17,2024-06-07 14:35:26.751269
293,zn2407P22400,20240624,SHFE,17,2024-06-07 14:35:26.751269
294,zn2407C21400,20240624,SHFE,17,2024-06-07 14:35:26.751269
295,zn2407C20800,20240624,SHFE,17,2024-06-07 14:35:26.751269
296,zn2407P20200,20240624,SHFE,17,2024-06-07 14:35:26.751269
297,zn2407P19400,20240624,SHFE,17,2024-06-07 14:35:26.751269
298,zn2407P21600,20240624,SHFE,17,2024-06-07 14:35:26.751269
299,zn2407P20000,20240624,SHFE,17,2024-06-07 14:35:26.751269
300,zn2407C22200,20240624,SHFE,17,2024-06-07 14:35:26.751269
301,zn2407P21000,20240624,SHFE,17,2024-06-07 14:35:26.751269
302,zn2407P23400,20240624,SHFE,17,2024-06-07 14:35:26.751269
303,zn2407P21800,20240624,SHFE,17,2024-06-07 14:35:26.751269
304,zn2407P22800,20240624,SHFE,17,2024-06-07 14:35:26.751269
305,zn2407P22600,20240624,SHFE,17,2024-06-07 14:35:26.751269
306,rb2407P3300,20240624,SHFE,17,2024-06-07 14:35:26.751269
307,rb2407C3300,20240624,SHFE,17,2024-06-07 14:35:26.751269
308,eb2408-P-10400,20240705,DCE,28,2024-06-07 14:35:26.751269
309,eb2408-C-10400,20240705,DCE,28,2024-06-07 14:35:26.751269
310,zn2407P24000,20240624,SHFE,17,2024-06-07 14:35:26.751269
311,al2407C22200,20240624,SHFE,17,2024-06-07 14:35:26.751269
312,al2407P22200,20240624,SHFE,17,2024-06-07 14:35:26.751269
313,zn2407C24000,20240624,SHFE,17,2024-06-07 14:35:26.751269
314,ag2407P8400,20240624,SHFE,17,2024-06-07 14:35:26.751269
315,ag2407P8500,20240624,SHFE,17,2024-06-07 14:35:26.751269
316,ag2407C8400,20240624,SHFE,17,2024-06-07 14:35:26.751269
317,ag2407C8500,20240624,SHFE,17,2024-06-07 14:35:26.751269
318,al2407P23600,20240624,SHFE,17,2024-06-07 14:35:26.751269
319,al2407C23800,20240624,SHFE,17,2024-06-07 14:35:26.751269
320,al2407C23600,20240624,SHFE,17,2024-06-07 14:35:26.751269
321,al2407P23800,20240624,SHFE,17,2024-06-07 14:35:26.751269
322,zn2407P27500,20240624,SHFE,17,2024-06-07 14:35:26.751269
323,zn2407C27500,20240624,SHFE,17,2024-06-07 14:35:26.751269
324,lc2408-P-106000,20240705,GFEX,28,2024-06-07 14:35:26.751269
325,lc2408-P-104000,20240705,GFEX,28,2024-06-07 14:35:26.751269
326,lc2408-C-104000,20240705,GFEX,28,2024-06-07 14:35:26.751269
327,lc2408-C-106000,20240705,GFEX,28,2024-06-07 14:35:26.751269
328,si2408-C-11400,20240705,GFEX,28,2024-06-07 14:35:26.751269
329,si2408-P-11400,20240705,GFEX,28,2024-06-07 14:35:26.751269
330,si2408-C-11200,20240705,GFEX,28,2024-06-07 14:35:26.751269
331,lc2408-P-98000,20240705,GFEX,28,2024-06-07 14:35:26.751269
332,lc2408-C-98000,20240705,GFEX,28,2024-06-07 14:35:26.751269
333,lc2408-P-97000,20240705,GFEX,28,2024-06-07 14:35:26.751269
334,lc2408-C-97000,20240705,GFEX,28,2024-06-07 14:35:26.751269
335,p2408-P-6000,20240705,DCE,28,2024-06-07 14:35:26.751269
336,p2408-C-6000,20240705,DCE,28,2024-06-07 14:35:26.751269
337,cu2407C59000,20240624,SHFE,17,2024-06-07 14:35:26.751269
338,cu2407P60000,20240624,SHFE,17,2024-06-07 14:35:26.751269
339,rb2407C3400,20240624,SHFE,17,2024-06-07 14:35:26.751269
340,cu2407C77000,20240624,SHFE,17,2024-06-07 14:35:26.751269
341,cu2407C60000,20240624,SHFE,17,2024-06-07 14:35:26.751269
342,rb2407P3450,20240624,SHFE,17,2024-06-07 14:35:26.751269
343,m2408-C-2700,20240705,DCE,28,2024-06-07 14:35:26.751269
344,eb2408-P-9700,20240705,DCE,28,2024-06-07 14:35:26.751269
345,eb2408-C-9700,20240705,DCE,28,2024-06-07 14:35:26.751269
346,eb2408-P-9900,20240705,DCE,28,2024-06-07 14:35:26.751269
347,si2408-P-11200,20240705,GFEX,28,2024-06-07 14:35:26.751269
348,rb2407C3200,20240624,SHFE,17,2024-06-07 14:35:26.751269
349,rb2407P3200,20240624,SHFE,17,2024-06-07 14:35:26.751269
350,si2408-P-10800,20240705,GFEX,28,2024-06-07 14:35:26.751269
351,si2408-P-14800,20240705,GFEX,28,2024-06-07 14:35:26.751269
352,si2408-C-13000,20240705,GFEX,28,2024-06-07 14:35:26.751269
353,si2408-P-13200,20240705,GFEX,28,2024-06-07 14:35:26.751269
354,si2408-P-14000,20240705,GFEX,28,2024-06-07 14:35:26.751269
355,si2408-P-14200,20240705,GFEX,28,2024-06-07 14:35:26.751269
356,si2408-C-14400,20240705,GFEX,28,2024-06-07 14:35:26.751269
357,si2408-C-13800,20240705,GFEX,28,2024-06-07 14:35:26.751269
358,si2408-C-15400,20240705,GFEX,28,2024-06-07 14:35:26.751269
359,si2408-P-12800,20240705,GFEX,28,2024-06-07 14:35:26.751269
360,si2408-C-12800,20240705,GFEX,28,2024-06-07 14:35:26.751269
361,si2408-P-15600,20240705,GFEX,28,2024-06-07 14:35:26.751269
362,si2408-P-15400,20240705,GFEX,28,2024-06-07 14:35:26.751269
363,si2408-C-14000,20240705,GFEX,28,2024-06-07 14:35:26.751269
364,si2408-C-16200,20240705,GFEX,28,2024-06-07 14:35:26.751269
365,si2408-P-13000,20240705,GFEX,28,2024-06-07 14:35:26.751269
366,si2408-C-16000,20240705,GFEX,28,2024-06-07 14:35:26.751269
367,si2408-C-15200,20240705,GFEX,28,2024-06-07 14:35:26.751269
368,si2408-C-14600,20240705,GFEX,28,2024-06-07 14:35:26.751269
369,si2408-P-14400,20240705,GFEX,28,2024-06-07 14:35:26.751269
370,si2408-C-13200,20240705,GFEX,28,2024-06-07 14:35:26.751269
371,au2407C656,20240624,SHFE,17,2024-06-07 14:35:26.751269
372,au2407P656,20240624,SHFE,17,2024-06-07 14:35:26.751269
373,lc2408-C-108000,20240705,GFEX,28,2024-06-07 14:35:26.751269
374,lc2408-P-108000,20240705,GFEX,28,2024-06-07 14:35:26.751269
375,lc2408-C-94000,20240705,GFEX,28,2024-06-07 14:35:26.751269
376,si2408-C-10800,20240705,GFEX,28,2024-06-07 14:35:26.751269
377,ru2407P12250,20240624,SHFE,17,2024-06-07 14:35:26.751269
378,ru2407P16000,20240624,SHFE,17,2024-06-07 14:35:26.751269
379,ru2407P15750,20240624,SHFE,17,2024-06-07 14:35:26.751269
380,ru2407C16000,20240624,SHFE,17,2024-06-07 14:35:26.751269
381,ru2407C12250,20240624,SHFE,17,2024-06-07 14:35:26.751269
382,ru2407C15750,20240624,SHFE,17,2024-06-07 14:35:26.751269
383,al2407C23000,20240624,SHFE,17,2024-06-07 14:35:26.751269
384,al2407C23200,20240624,SHFE,17,2024-06-07 14:35:26.751269
385,al2407P23200,20240624,SHFE,17,2024-06-07 14:35:26.751269
386,al2407P23000,20240624,SHFE,17,2024-06-07 14:35:26.751269
387,cu2407P92000,20240624,SHFE,17,2024-06-07 14:35:26.751269
388,cu2407C92000,20240624,SHFE,17,2024-06-07 14:35:26.751269
389,zn2407C26000,20240624,SHFE,17,2024-06-07 14:35:26.751269
390,lc2408-C-99000,20240705,GFEX,28,2024-06-07 14:35:26.751269
391,lc2408-P-99000,20240705,GFEX,28,2024-06-07 14:35:26.751269
392,lc2408-C-96000,20240705,GFEX,28,2024-06-07 14:35:26.751269
393,lc2408-P-96000,20240705,GFEX,28,2024-06-07 14:35:26.751269
394,lc2408-P-94000,20240705,GFEX,28,2024-06-07 14:35:26.751269
395,lc2408-P-95000,20240705,GFEX,28,2024-06-07 14:35:26.751269
396,lc2408-C-95000,20240705,GFEX,28,2024-06-07 14:35:26.751269
397,rb2407C4400,20240624,SHFE,17,2024-06-07 14:35:26.751269
398,rb2407P4400,20240624,SHFE,17,2024-06-07 14:35:26.751269
399,zn2407P26000,20240624,SHFE,17,2024-06-07 14:35:26.751269
400,br2407P15400,20240624,SHFE,17,2024-06-07 14:35:26.751269
401,br2407C15400,20240624,SHFE,17,2024-06-07 14:35:26.751269
402,eb2408-P-10600,20240705,DCE,28,2024-06-07 14:35:26.751269
403,eb2408-C-10600,20240705,DCE,28,2024-06-07 14:35:26.751269
404,si2408-C-14200,20240705,GFEX,28,2024-06-07 14:35:26.751269
405,si2408-P-15800,20240705,GFEX,28,2024-06-07 14:35:26.751269
406,si2408-C-15800,20240705,GFEX,28,2024-06-07 14:35:26.751269
407,si2408-P-13800,20240705,GFEX,28,2024-06-07 14:35:26.751269
408,si2408-P-16200,20240705,GFEX,28,2024-06-07 14:35:26.751269
409,si2408-C-15600,20240705,GFEX,28,2024-06-07 14:35:26.751269
410,si2408-P-15200,20240705,GFEX,28,2024-06-07 14:35:26.751269
411,si2408-P-13600,20240705,GFEX,28,2024-06-07 14:35:26.751269
412,si2408-P-15000,20240705,GFEX,28,2024-06-07 14:35:26.751269
413,si2408-C-13400,20240705,GFEX,28,2024-06-07 14:35:26.751269
414,lc2408-P-84000,20240705,GFEX,28,2024-06-07 14:35:26.751269
415,lc2408-P-83000,20240705,GFEX,28,2024-06-07 14:35:26.751269
416,ag2407P6100,20240624,SHFE,17,2024-06-07 14:35:26.751269
417,au2407C472,20240624,SHFE,17,2024-06-07 14:35:26.751269
418,au2407P472,20240624,SHFE,17,2024-06-07 14:35:26.751269
419,zn2407P26500,20240624,SHFE,17,2024-06-07 14:35:26.751269
420,zn2407C26500,20240624,SHFE,17,2024-06-07 14:35:26.751269
421,si2408-C-15000,20240705,GFEX,28,2024-06-07 14:35:26.751269
422,si2408-P-13400,20240705,GFEX,28,2024-06-07 14:35:26.751269
423,si2408-C-13600,20240705,GFEX,28,2024-06-07 14:35:26.751269
424,si2408-P-14600,20240705,GFEX,28,2024-06-07 14:35:26.751269
425,si2408-C-14800,20240705,GFEX,28,2024-06-07 14:35:26.751269
426,si2408-P-16000,20240705,GFEX,28,2024-06-07 14:35:26.751269
427,rb2407P3550,20240624,SHFE,17,2024-06-07 14:35:26.751269
428,rb2407C3550,20240624,SHFE,17,2024-06-07 14:35:26.751269
429,br2407C16800,20240624,SHFE,17,2024-06-07 14:35:26.751269
430,br2407P16800,20240624,SHFE,17,2024-06-07 14:35:26.751269
431,lc2408-P-76000,20240705,GFEX,28,2024-06-07 14:35:26.751269
432,lc2408-C-84000,20240705,GFEX,28,2024-06-07 14:35:26.751269
433,lc2408-P-80000,20240705,GFEX,28,2024-06-07 14:35:26.751269
434,lc2408-C-77000,20240705,GFEX,28,2024-06-07 14:35:26.751269
435,lc2408-C-80000,20240705,GFEX,28,2024-06-07 14:35:26.751269
436,lc2408-C-78000,20240705,GFEX,28,2024-06-07 14:35:26.751269
437,lc2408-P-77000,20240705,GFEX,28,2024-06-07 14:35:26.751269
438,lc2408-P-85000,20240705,GFEX,28,2024-06-07 14:35:26.751269
439,lc2408-C-79000,20240705,GFEX,28,2024-06-07 14:35:26.751269
440,lc2408-C-82000,20240705,GFEX,28,2024-06-07 14:35:26.751269
441,lc2408-P-81000,20240705,GFEX,28,2024-06-07 14:35:26.751269
442,ag2407C6100,20240624,SHFE,17,2024-06-07 14:35:26.751269
443,ag2407P8100,20240624,SHFE,17,2024-06-07 14:35:26.751269
444,ag2407C8200,20240624,SHFE,17,2024-06-07 14:35:26.751269
445,si2408-C-11600,20240705,GFEX,28,2024-06-07 14:35:26.751269
446,si2408-P-11600,20240705,GFEX,28,2024-06-07 14:35:26.751269
447,si2408-C-11800,20240705,GFEX,28,2024-06-07 14:35:26.751269
448,si2408-P-11800,20240705,GFEX,28,2024-06-07 14:35:26.751269
449,rb2407P3250,20240624,SHFE,17,2024-06-07 14:35:26.751269
450,cu2407C79000,20240624,SHFE,17,2024-06-07 14:35:26.751269
451,i2408-C-610,20240705,DCE,28,2024-06-07 14:35:26.751269
452,i2408-C-880,20240705,DCE,28,2024-06-07 14:35:26.751269
453,i2408-C-910,20240705,DCE,28,2024-06-07 14:35:26.751269
454,eb2408-P-7300,20240705,DCE,28,2024-06-07 14:35:26.751269
455,p2408-C-6300,20240705,DCE,28,2024-06-07 14:35:26.751269
456,m2408-C-3000,20240705,DCE,28,2024-06-07 14:35:26.751269
457,m2408-C-3350,20240705,DCE,28,2024-06-07 14:35:26.751269
458,eb2408-C-7800,20240705,DCE,28,2024-06-07 14:35:26.751269
459,i2408-P-920,20240705,DCE,28,2024-06-07 14:35:26.751269
460,eb2408-P-7900,20240705,DCE,28,2024-06-07 14:35:26.751269
461,i2408-P-880,20240705,DCE,28,2024-06-07 14:35:26.751269
462,i2408-P-710,20240705,DCE,28,2024-06-07 14:35:26.751269
463,i2408-P-680,20240705,DCE,28,2024-06-07 14:35:26.751269
464,i2408-C-1040,20240705,DCE,28,2024-06-07 14:35:26.751269
465,m2408-C-3400,20240705,DCE,28,2024-06-07 14:35:26.751269
466,m2408-P-3700,20240705,DCE,28,2024-06-07 14:35:26.751269
467,p2408-C-6700,20240705,DCE,28,2024-06-07 14:35:26.751269
468,i2408-C-740,20240705,DCE,28,2024-06-07 14:35:26.751269
469,p2408-C-8200,20240705,DCE,28,2024-06-07 14:35:26.751269
470,m2408-P-3900,20240705,DCE,28,2024-06-07 14:35:26.751269
471,i2408-C-700,20240705,DCE,28,2024-06-07 14:35:26.751269
472,zn2407C19000,20240624,SHFE,17,2024-06-07 14:35:26.751269
473,zn2407C18800,20240624,SHFE,17,2024-06-07 14:35:26.751269
474,zn2407P18800,20240624,SHFE,17,2024-06-07 14:35:26.751269
475,zn2407P19000,20240624,SHFE,17,2024-06-07 14:35:26.751269
476,zn2407P24200,20240624,SHFE,17,2024-06-07 14:35:26.751269
477,lc2408-P-110000,20240705,GFEX,28,2024-06-07 14:35:26.751269
478,lc2408-C-110000,20240705,GFEX,28,2024-06-07 14:35:26.751269
479,eb2408-P-10200,20240705,DCE,28,2024-06-07 14:35:26.751269
480,zn2407C19200,20240624,SHFE,17,2024-06-07 14:35:26.751269
481,rb2407C3250,20240624,SHFE,17,2024-06-07 14:35:26.751269
482,eb2408-C-10200,20240705,DCE,28,2024-06-07 14:35:26.751269
483,zn2407P19200,20240624,SHFE,17,2024-06-07 14:35:26.751269
484,cu2407P79000,20240624,SHFE,17,2024-06-07 14:35:26.751269
485,i2408-P-750,20240705,DCE,28,2024-06-07 14:35:26.751269
486,i2408-P-580,20240705,DCE,28,2024-06-07 14:35:26.751269
487,i2408-P-1000,20240705,DCE,28,2024-06-07 14:35:26.751269
488,eb2408-P-7100,20240705,DCE,28,2024-06-07 14:35:26.751269
489,eb2408-C-8800,20240705,DCE,28,2024-06-07 14:35:26.751269
490,m2408-C-3250,20240705,DCE,28,2024-06-07 14:35:26.751269
491,p2408-P-6300,20240705,DCE,28,2024-06-07 14:35:26.751269
492,i2408-P-690,20240705,DCE,28,2024-06-07 14:35:26.751269
493,eb2408-P-8600,20240705,DCE,28,2024-06-07 14:35:26.751269
494,p2408-P-8000,20240705,DCE,28,2024-06-07 14:35:26.751269
495,i2408-C-810,20240705,DCE,28,2024-06-07 14:35:26.751269
496,p2408-P-7400,20240705,DCE,28,2024-06-07 14:35:26.751269
497,i2408-P-760,20240705,DCE,28,2024-06-07 14:35:26.751269
498,m2408-P-3000,20240705,DCE,28,2024-06-07 14:35:26.751269
499,i2408-C-1100,20240705,DCE,28,2024-06-07 14:35:26.751269
500,eb2408-P-7200,20240705,DCE,28,2024-06-07 14:35:26.751269
501,i2408-P-650,20240705,DCE,28,2024-06-07 14:35:26.751269
502,i2408-C-560,20240705,DCE,28,2024-06-07 14:35:26.751269
503,zn2407P24400,20240624,SHFE,17,2024-06-07 14:35:26.751269
504,zn2407C24200,20240624,SHFE,17,2024-06-07 14:35:26.751269
505,zn2407C24400,20240624,SHFE,17,2024-06-07 14:35:26.751269
506,al2407C22400,20240624,SHFE,17,2024-06-07 14:35:26.751269
507,al2407P22400,20240624,SHFE,17,2024-06-07 14:35:26.751269
508,zn2407C24800,20240624,SHFE,17,2024-06-07 14:35:26.751269
509,zn2407C24600,20240624,SHFE,17,2024-06-07 14:35:26.751269
510,zn2407P24600,20240624,SHFE,17,2024-06-07 14:35:26.751269
511,zn2407P24800,20240624,SHFE,17,2024-06-07 14:35:26.751269
512,al2407C22800,20240624,SHFE,17,2024-06-07 14:35:26.751269
513,al2407P22800,20240624,SHFE,17,2024-06-07 14:35:26.751269
514,cu2407C86000,20240624,SHFE,17,2024-06-07 14:35:26.751269
515,rb2407C3600,20240624,SHFE,17,2024-06-07 14:35:26.751269
516,rb2407C3650,20240624,SHFE,17,2024-06-07 14:35:26.751269
517,rb2407C3700,20240624,SHFE,17,2024-06-07 14:35:26.751269
518,rb2407C3750,20240624,SHFE,17,2024-06-07 14:35:26.751269
519,rb2407C3800,20240624,SHFE,17,2024-06-07 14:35:26.751269
520,rb2407C3850,20240624,SHFE,17,2024-06-07 14:35:26.751269
521,rb2407C3900,20240624,SHFE,17,2024-06-07 14:35:26.751269
522,rb2407C3950,20240624,SHFE,17,2024-06-07 14:35:26.751269
523,rb2407C4000,20240624,SHFE,17,2024-06-07 14:35:26.751269
524,rb2407C4050,20240624,SHFE,17,2024-06-07 14:35:26.751269
525,rb2407C4100,20240624,SHFE,17,2024-06-07 14:35:26.751269
526,rb2407C4150,20240624,SHFE,17,2024-06-07 14:35:26.751269
527,rb2407C4200,20240624,SHFE,17,2024-06-07 14:35:26.751269
528,rb2407C4250,20240624,SHFE,17,2024-06-07 14:35:26.751269
529,rb2407P3600,20240624,SHFE,17,2024-06-07 14:35:26.751269
530,rb2407P3650,20240624,SHFE,17,2024-06-07 14:35:26.751269
531,rb2407P3700,20240624,SHFE,17,2024-06-07 14:35:26.751269
532,rb2407P3750,20240624,SHFE,17,2024-06-07 14:35:26.751269
533,rb2407P3800,20240624,SHFE,17,2024-06-07 14:35:26.751269
534,rb2407P3850,20240624,SHFE,17,2024-06-07 14:35:26.751269
535,eb2408-C-7600,20240705,DCE,28,2024-06-07 14:35:26.751269
536,i2408-C-840,20240705,DCE,28,2024-06-07 14:35:26.751269
537,i2408-P-850,20240705,DCE,28,2024-06-07 14:35:26.751269
538,i2408-P-1060,20240705,DCE,28,2024-06-07 14:35:26.751269
539,i2408-P-1120,20240705,DCE,28,2024-06-07 14:35:26.751269
540,i2408-C-650,20240705,DCE,28,2024-06-07 14:35:26.751269
541,m2408-P-3450,20240705,DCE,28,2024-06-07 14:35:26.751269
542,m2408-P-3200,20240705,DCE,28,2024-06-07 14:35:26.751269
543,eb2408-C-8300,20240705,DCE,28,2024-06-07 14:35:26.751269
544,i2408-C-750,20240705,DCE,28,2024-06-07 14:35:26.751269
545,eb2408-C-7500,20240705,DCE,28,2024-06-07 14:35:26.751269
546,i2408-P-830,20240705,DCE,28,2024-06-07 14:35:26.751269
547,i2408-C-730,20240705,DCE,28,2024-06-07 14:35:26.751269
548,p2408-P-7700,20240705,DCE,28,2024-06-07 14:35:26.751269
549,i2408-P-970,20240705,DCE,28,2024-06-07 14:35:26.751269
550,i2408-P-960,20240705,DCE,28,2024-06-07 14:35:26.751269
551,eb2408-P-8500,20240705,DCE,28,2024-06-07 14:35:26.751269
552,m2408-P-3150,20240705,DCE,28,2024-06-07 14:35:26.751269
553,cu2407P86000,20240624,SHFE,17,2024-06-07 14:35:26.751269
554,zn2407P25500,20240624,SHFE,17,2024-06-07 14:35:26.751269
555,zn2407C25500,20240624,SHFE,17,2024-06-07 14:35:26.751269
556,rb2407P3900,20240624,SHFE,17,2024-06-07 14:35:26.751269
557,rb2407P3950,20240624,SHFE,17,2024-06-07 14:35:26.751269
558,rb2407P4000,20240624,SHFE,17,2024-06-07 14:35:26.751269
559,rb2407P4050,20240624,SHFE,17,2024-06-07 14:35:26.751269
560,rb2407P4100,20240624,SHFE,17,2024-06-07 14:35:26.751269
561,rb2407P4150,20240624,SHFE,17,2024-06-07 14:35:26.751269
562,rb2407P4200,20240624,SHFE,17,2024-06-07 14:35:26.751269
563,rb2407P4250,20240624,SHFE,17,2024-06-07 14:35:26.751269
564,cu2407C88000,20240624,SHFE,17,2024-06-07 14:35:26.751269
565,cu2407P88000,20240624,SHFE,17,2024-06-07 14:35:26.751269
566,eb2408-P-6900,20240705,DCE,28,2024-06-07 14:35:26.751269
567,m2408-P-3250,20240705,DCE,28,2024-06-07 14:35:26.751269
568,p2408-P-8600,20240705,DCE,28,2024-06-07 14:35:26.751269
569,eb2408-P-9200,20240705,DCE,28,2024-06-07 14:35:26.751269
570,m2408-C-3800,20240705,DCE,28,2024-06-07 14:35:26.751269
571,m2408-P-3500,20240705,DCE,28,2024-06-07 14:35:26.751269
572,p2408-C-8300,20240705,DCE,28,2024-06-07 14:35:26.751269
573,i2408-P-730,20240705,DCE,28,2024-06-07 14:35:26.751269
574,i2408-C-580,20240705,DCE,28,2024-06-07 14:35:26.751269
575,eb2408-C-8500,20240705,DCE,28,2024-06-07 14:35:26.751269
576,i2408-P-670,20240705,DCE,28,2024-06-07 14:35:26.751269
577,p2408-C-7700,20240705,DCE,28,2024-06-07 14:35:26.751269
578,m2408-C-3650,20240705,DCE,28,2024-06-07 14:35:26.751269
579,eb2408-C-7100,20240705,DCE,28,2024-06-07 14:35:26.751269
580,i2408-P-890,20240705,DCE,28,2024-06-07 14:35:26.751269
581,p2408-P-6100,20240705,DCE,28,2024-06-07 14:35:26.751269
582,p2408-C-7500,20240705,DCE,28,2024-06-07 14:35:26.751269
583,p2408-C-8400,20240705,DCE,28,2024-06-07 14:35:26.751269
584,i2408-C-900,20240705,DCE,28,2024-06-07 14:35:26.751269
585,m2408-P-3950,20240705,DCE,28,2024-06-07 14:35:26.751269
586,ru2407P16500,20240624,SHFE,17,2024-06-07 14:35:26.751269
587,ru2407C16500,20240624,SHFE,17,2024-06-07 14:35:26.751269
588,ag2407P9500,20240624,SHFE,17,2024-06-07 14:35:26.751269
589,ag2407C9600,20240624,SHFE,17,2024-06-07 14:35:26.751269
590,i2408-P-980,20240705,DCE,28,2024-06-07 14:35:26.751269
591,p2408-P-7800,20240705,DCE,28,2024-06-07 14:35:26.751269
592,i2408-C-1060,20240705,DCE,28,2024-06-07 14:35:26.751269
593,eb2408-C-9100,20240705,DCE,28,2024-06-07 14:35:26.751269
594,p2408-P-6500,20240705,DCE,28,2024-06-07 14:35:26.751269
595,m2408-C-3150,20240705,DCE,28,2024-06-07 14:35:26.751269
596,i2408-C-620,20240705,DCE,28,2024-06-07 14:35:26.751269
597,eb2408-P-9400,20240705,DCE,28,2024-06-07 14:35:26.751269
598,p2408-P-6700,20240705,DCE,28,2024-06-07 14:35:26.751269
599,m2408-C-3850,20240705,DCE,28,2024-06-07 14:35:26.751269
600,p2408-P-6900,20240705,DCE,28,2024-06-07 14:35:26.751269
601,i2408-P-560,20240705,DCE,28,2024-06-07 14:35:26.751269
602,i2408-P-640,20240705,DCE,28,2024-06-07 14:35:26.751269
603,p2408-C-7000,20240705,DCE,28,2024-06-07 14:35:26.751269
604,eb2408-P-9500,20240705,DCE,28,2024-06-07 14:35:26.751269
605,al2407P23400,20240624,SHFE,17,2024-06-07 14:35:26.751269
606,al2407C23400,20240624,SHFE,17,2024-06-07 14:35:26.751269
607,cu2407C96000,20240624,SHFE,17,2024-06-07 14:35:26.751269
608,cu2407P96000,20240624,SHFE,17,2024-06-07 14:35:26.751269
609,ag2407P9000,20240624,SHFE,17,2024-06-07 14:35:26.751269
610,ag2407C9000,20240624,SHFE,17,2024-06-07 14:35:26.751269
611,eb2408-P-8200,20240705,DCE,28,2024-06-07 14:35:26.751269
612,eb2408-C-8400,20240705,DCE,28,2024-06-07 14:35:26.751269
613,p2408-C-8000,20240705,DCE,28,2024-06-07 14:35:26.751269
614,i2408-P-770,20240705,DCE,28,2024-06-07 14:35:26.751269
615,p2408-C-6500,20240705,DCE,28,2024-06-07 14:35:26.751269
616,eb2408-P-8000,20240705,DCE,28,2024-06-07 14:35:26.751269
617,m2408-P-3050,20240705,DCE,28,2024-06-07 14:35:26.751269
618,i2408-P-820,20240705,DCE,28,2024-06-07 14:35:26.751269
619,p2408-C-6200,20240705,DCE,28,2024-06-07 14:35:26.751269
620,p2408-C-7200,20240705,DCE,28,2024-06-07 14:35:26.751269
621,m2408-P-3550,20240705,DCE,28,2024-06-07 14:35:26.751269
622,eb2408-C-9200,20240705,DCE,28,2024-06-07 14:35:26.751269
623,ru2407C15250,20240624,SHFE,17,2024-06-07 14:35:26.751269
624,br2407P11400,20240624,SHFE,17,2024-06-07 14:35:26.751269
625,au2407P512,20240624,SHFE,17,2024-06-07 14:35:26.751269
626,br2407C11600,20240624,SHFE,17,2024-06-07 14:35:26.751269
627,ru2407P15250,20240624,SHFE,17,2024-06-07 14:35:26.751269
628,au2407C560,20240624,SHFE,17,2024-06-07 14:35:26.751269
629,ag2407P7000,20240624,SHFE,17,2024-06-07 14:35:26.751269
630,br2407C13800,20240624,SHFE,17,2024-06-07 14:35:26.751269
631,ru2407C14250,20240624,SHFE,17,2024-06-07 14:35:26.751269
632,ru2407P14000,20240624,SHFE,17,2024-06-07 14:35:26.751269
633,br2407C11400,20240624,SHFE,17,2024-06-07 14:35:26.751269
634,ag2407P6300,20240624,SHFE,17,2024-06-07 14:35:26.751269
635,ru2407P12750,20240624,SHFE,17,2024-06-07 14:35:26.751269
636,br2407P12400,20240624,SHFE,17,2024-06-07 14:35:26.751269
637,ag2407C8000,20240624,SHFE,17,2024-06-07 14:35:26.751269
638,br2407C11200,20240624,SHFE,17,2024-06-07 14:35:26.751269
639,br2407C13200,20240624,SHFE,17,2024-06-07 14:35:26.751269
640,ag2407P7400,20240624,SHFE,17,2024-06-07 14:35:26.751269
641,au2407C496,20240624,SHFE,17,2024-06-07 14:35:26.751269
642,au2407P488,20240624,SHFE,17,2024-06-07 14:35:26.751269
643,ru2407P15500,20240624,SHFE,17,2024-06-07 14:35:26.751269
644,ag2407C7000,20240624,SHFE,17,2024-06-07 14:35:26.751269
645,ru2407C14500,20240624,SHFE,17,2024-06-07 14:35:26.751269
646,br2407P13600,20240624,SHFE,17,2024-06-07 14:35:26.751269
647,au2407P584,20240624,SHFE,17,2024-06-07 14:35:26.751269
648,au2407P528,20240624,SHFE,17,2024-06-07 14:35:26.751269
649,br2407C13000,20240624,SHFE,17,2024-06-07 14:35:26.751269
650,ru2407C13000,20240624,SHFE,17,2024-06-07 14:35:26.751269
651,br2407P14800,20240624,SHFE,17,2024-06-07 14:35:26.751269
652,au2407P608,20240624,SHFE,17,2024-06-07 14:35:26.751269
653,au2407C600,20240624,SHFE,17,2024-06-07 14:35:26.751269
654,au2407P600,20240624,SHFE,17,2024-06-07 14:35:26.751269
655,ag2407C6200,20240624,SHFE,17,2024-06-07 14:35:26.751269
656,ru2407P15000,20240624,SHFE,17,2024-06-07 14:35:26.751269
657,au2407C576,20240624,SHFE,17,2024-06-07 14:35:26.751269
658,ag2407P6800,20240624,SHFE,17,2024-06-07 14:35:26.751269
659,br2407P11000,20240624,SHFE,17,2024-06-07 14:35:26.751269
660,br2407P11600,20240624,SHFE,17,2024-06-07 14:35:26.751269
661,br2407P13000,20240624,SHFE,17,2024-06-07 14:35:26.751269
662,ru2407P16250,20240624,SHFE,17,2024-06-07 14:35:26.751269
663,ru2407C16250,20240624,SHFE,17,2024-06-07 14:35:26.751269
664,cu2407P98000,20240624,SHFE,17,2024-06-07 14:35:26.751269
665,cu2407C98000,20240624,SHFE,17,2024-06-07 14:35:26.751269
666,i2408-C-930,20240705,DCE,28,2024-06-07 14:35:26.751269
667,p2408-P-7900,20240705,DCE,28,2024-06-07 14:35:26.751269
668,m2408-P-3750,20240705,DCE,28,2024-06-07 14:35:26.751269
669,i2408-C-710,20240705,DCE,28,2024-06-07 14:35:26.751269
670,m2408-C-3900,20240705,DCE,28,2024-06-07 14:35:26.751269
671,eb2408-P-7000,20240705,DCE,28,2024-06-07 14:35:26.751269
672,eb2408-P-7600,20240705,DCE,28,2024-06-07 14:35:26.751269
673,m2408-C-3600,20240705,DCE,28,2024-06-07 14:35:26.751269
674,i2408-C-920,20240705,DCE,28,2024-06-07 14:35:26.751269
675,m2408-C-3500,20240705,DCE,28,2024-06-07 14:35:26.751269
676,p2408-C-7100,20240705,DCE,28,2024-06-07 14:35:26.751269
677,m2408-P-3850,20240705,DCE,28,2024-06-07 14:35:26.751269
678,p2408-C-7300,20240705,DCE,28,2024-06-07 14:35:26.751269
679,p2408-P-8400,20240705,DCE,28,2024-06-07 14:35:26.751269
680,m2408-C-2950,20240705,DCE,28,2024-06-07 14:35:26.751269
681,i2408-C-570,20240705,DCE,28,2024-06-07 14:35:26.751269
682,p2408-P-7100,20240705,DCE,28,2024-06-07 14:35:26.751269
683,m2408-C-3450,20240705,DCE,28,2024-06-07 14:35:26.751269
684,p2408-P-7600,20240705,DCE,28,2024-06-07 14:35:26.751269
685,eb2408-C-9500,20240705,DCE,28,2024-06-07 14:35:26.751269
686,eb2408-C-8700,20240705,DCE,28,2024-06-07 14:35:26.751269
687,i2408-C-660,20240705,DCE,28,2024-06-07 14:35:26.751269
688,i2408-C-850,20240705,DCE,28,2024-06-07 14:35:26.751269
689,au2407P616,20240624,SHFE,17,2024-06-07 14:35:26.751269
690,ru2407C13250,20240624,SHFE,17,2024-06-07 14:35:26.751269
691,au2407C544,20240624,SHFE,17,2024-06-07 14:35:26.751269
692,au2407C552,20240624,SHFE,17,2024-06-07 14:35:26.751269
693,ag2407P7700,20240624,SHFE,17,2024-06-07 14:35:26.751269
694,au2407C480,20240624,SHFE,17,2024-06-07 14:35:26.751269
695,br2407P11800,20240624,SHFE,17,2024-06-07 14:35:26.751269
696,ag2407P7500,20240624,SHFE,17,2024-06-07 14:35:26.751269
697,ru2407P13000,20240624,SHFE,17,2024-06-07 14:35:26.751269
698,au2407C536,20240624,SHFE,17,2024-06-07 14:35:26.751269
699,br2407C12200,20240624,SHFE,17,2024-06-07 14:35:26.751269
700,au2407C568,20240624,SHFE,17,2024-06-07 14:35:26.751269
701,ag2407C6300,20240624,SHFE,17,2024-06-07 14:35:26.751269
702,au2407P552,20240624,SHFE,17,2024-06-07 14:35:26.751269
703,ag2407C6800,20240624,SHFE,17,2024-06-07 14:35:26.751269
704,au2407P496,20240624,SHFE,17,2024-06-07 14:35:26.751269
705,au2407P536,20240624,SHFE,17,2024-06-07 14:35:26.751269
706,ag2407C6400,20240624,SHFE,17,2024-06-07 14:35:26.751269
707,ag2407P7100,20240624,SHFE,17,2024-06-07 14:35:26.751269
708,ru2407P14750,20240624,SHFE,17,2024-06-07 14:35:26.751269
709,ag2407C6600,20240624,SHFE,17,2024-06-07 14:35:26.751269
710,br2407P11200,20240624,SHFE,17,2024-06-07 14:35:26.751269
711,ag2407P6900,20240624,SHFE,17,2024-06-07 14:35:26.751269
712,br2407P13200,20240624,SHFE,17,2024-06-07 14:35:26.751269
713,ru2407C13750,20240624,SHFE,17,2024-06-07 14:35:26.751269
714,br2407C15200,20240624,SHFE,17,2024-06-07 14:35:26.751269
715,ag2407C6500,20240624,SHFE,17,2024-06-07 14:35:26.751269
716,br2407P13800,20240624,SHFE,17,2024-06-07 14:35:26.751269
717,au2407C512,20240624,SHFE,17,2024-06-07 14:35:26.751269
718,au2407P624,20240624,SHFE,17,2024-06-07 14:35:26.751269
719,br2407C12000,20240624,SHFE,17,2024-06-07 14:35:26.751269
720,ru2407C14750,20240624,SHFE,17,2024-06-07 14:35:26.751269
721,au2407C520,20240624,SHFE,17,2024-06-07 14:35:26.751269
722,au2407P520,20240624,SHFE,17,2024-06-07 14:35:26.751269
723,br2407C14400,20240624,SHFE,17,2024-06-07 14:35:26.751269
724,br2407C12400,20240624,SHFE,17,2024-06-07 14:35:26.751269
725,ag2407C6700,20240624,SHFE,17,2024-06-07 14:35:26.751269
726,au2407C504,20240624,SHFE,17,2024-06-07 14:35:26.751269
727,au2407C608,20240624,SHFE,17,2024-06-07 14:35:26.751269
728,br2407C14200,20240624,SHFE,17,2024-06-07 14:35:26.751269
729,ru2407C14000,20240624,SHFE,17,2024-06-07 14:35:26.751269
730,ru2407C15500,20240624,SHFE,17,2024-06-07 14:35:26.751269
731,ag2407C7100,20240624,SHFE,17,2024-06-07 14:35:26.751269
732,ag2407P8000,20240624,SHFE,17,2024-06-07 14:35:26.751269
733,au2407C528,20240624,SHFE,17,2024-06-07 14:35:26.751269
734,ru2407C13500,20240624,SHFE,17,2024-06-07 14:35:26.751269
735,au2407P592,20240624,SHFE,17,2024-06-07 14:35:26.751269
736,au2407C624,20240624,SHFE,17,2024-06-07 14:35:26.751269
737,au2407P576,20240624,SHFE,17,2024-06-07 14:35:26.751269
738,br2407C14600,20240624,SHFE,17,2024-06-07 14:35:26.751269
739,ag2407P7200,20240624,SHFE,17,2024-06-07 14:35:26.751269
740,au2407P560,20240624,SHFE,17,2024-06-07 14:35:26.751269
741,br2407P12200,20240624,SHFE,17,2024-06-07 14:35:26.751269
742,br2407P14200,20240624,SHFE,17,2024-06-07 14:35:26.751269
743,br2407P15000,20240624,SHFE,17,2024-06-07 14:35:26.751269
744,ag2407C7200,20240624,SHFE,17,2024-06-07 14:35:26.751269
745,ag2407P6500,20240624,SHFE,17,2024-06-07 14:35:26.751269
746,br2407C12600,20240624,SHFE,17,2024-06-07 14:35:26.751269
747,au2407C592,20240624,SHFE,17,2024-06-07 14:35:26.751269
748,ru2407C15000,20240624,SHFE,17,2024-06-07 14:35:26.751269
749,ag2407P6200,20240624,SHFE,17,2024-06-07 14:35:26.751269
750,br2407P12600,20240624,SHFE,17,2024-06-07 14:35:26.751269
751,ag2407P7900,20240624,SHFE,17,2024-06-07 14:35:26.751269
752,ag2407C7900,20240624,SHFE,17,2024-06-07 14:35:26.751269
753,br2407P14000,20240624,SHFE,17,2024-06-07 14:35:26.751269
754,ag2407C7400,20240624,SHFE,17,2024-06-07 14:35:26.751269
755,au2407C616,20240624,SHFE,17,2024-06-07 14:35:26.751269
756,br2407P14600,20240624,SHFE,17,2024-06-07 14:35:26.751269
757,ag2407C7500,20240624,SHFE,17,2024-06-07 14:35:26.751269
758,br2407C12800,20240624,SHFE,17,2024-06-07 14:35:26.751269
759,ru2407P13500,20240624,SHFE,17,2024-06-07 14:35:26.751269
760,ag2407C6900,20240624,SHFE,17,2024-06-07 14:35:26.751269
761,au2407P504,20240624,SHFE,17,2024-06-07 14:35:26.751269
762,ag2407P7800,20240624,SHFE,17,2024-06-07 14:35:26.751269
763,br2407P14400,20240624,SHFE,17,2024-06-07 14:35:26.751269
764,au2407P480,20240624,SHFE,17,2024-06-07 14:35:26.751269
765,ru2407P13250,20240624,SHFE,17,2024-06-07 14:35:26.751269
766,ag2407C7700,20240624,SHFE,17,2024-06-07 14:35:26.751269
767,ru2407P14500,20240624,SHFE,17,2024-06-07 14:35:26.751269
768,au2407P544,20240624,SHFE,17,2024-06-07 14:35:26.751269
769,au2407P568,20240624,SHFE,17,2024-06-07 14:35:26.751269
770,br2407C15000,20240624,SHFE,17,2024-06-07 14:35:26.751269
771,au2407C584,20240624,SHFE,17,2024-06-07 14:35:26.751269
772,br2407C13400,20240624,SHFE,17,2024-06-07 14:35:26.751269
773,ag2407C7600,20240624,SHFE,17,2024-06-07 14:35:26.751269
774,au2407C488,20240624,SHFE,17,2024-06-07 14:35:26.751269
775,br2407C11000,20240624,SHFE,17,2024-06-07 14:35:26.751269
776,ag2407P7600,20240624,SHFE,17,2024-06-07 14:35:26.751269
777,ru2407P14250,20240624,SHFE,17,2024-06-07 14:35:26.751269
778,ag2407P6600,20240624,SHFE,17,2024-06-07 14:35:26.751269
779,ag2407C7800,20240624,SHFE,17,2024-06-07 14:35:26.751269
780,br2407P12800,20240624,SHFE,17,2024-06-07 14:35:26.751269
781,ru2407P13750,20240624,SHFE,17,2024-06-07 14:35:26.751269
782,br2407P12000,20240624,SHFE,17,2024-06-07 14:35:26.751269
783,ag2407P6400,20240624,SHFE,17,2024-06-07 14:35:26.751269
784,br2407C14800,20240624,SHFE,17,2024-06-07 14:35:26.751269
785,br2407C14000,20240624,SHFE,17,2024-06-07 14:35:26.751269
786,ag2407P9600,20240624,SHFE,17,2024-06-07 14:35:26.751269
787,ag2407C9500,20240624,SHFE,17,2024-06-07 14:35:26.751269
788,br2407C16200,20240624,SHFE,17,2024-06-07 14:35:26.751269
789,br2407P16200,20240624,SHFE,17,2024-06-07 14:35:26.751269
790,ag2407C9700,20240624,SHFE,17,2024-06-07 14:35:26.751269
791,ag2407P9700,20240624,SHFE,17,2024-06-07 14:35:26.751269
792,i2408-P-1020,20240705,DCE,28,2024-06-07 14:35:26.751269
793,i2408-C-870,20240705,DCE,28,2024-06-07 14:35:26.751269
794,i2408-P-940,20240705,DCE,28,2024-06-07 14:35:26.751269
795,eb2408-P-7700,20240705,DCE,28,2024-06-07 14:35:26.751269
796,i2408-C-590,20240705,DCE,28,2024-06-07 14:35:26.751269
797,i2408-P-620,20240705,DCE,28,2024-06-07 14:35:26.751269
798,eb2408-C-8100,20240705,DCE,28,2024-06-07 14:35:26.751269
799,eb2408-C-8000,20240705,DCE,28,2024-06-07 14:35:26.751269
800,m2408-P-2850,20240705,DCE,28,2024-06-07 14:35:26.751269
801,i2408-P-700,20240705,DCE,28,2024-06-07 14:35:26.751269
802,p2408-C-6600,20240705,DCE,28,2024-06-07 14:35:26.751269
803,m2408-C-3200,20240705,DCE,28,2024-06-07 14:35:26.751269
804,p2408-C-7600,20240705,DCE,28,2024-06-07 14:35:26.751269
805,i2408-P-1040,20240705,DCE,28,2024-06-07 14:35:26.751269
806,i2408-P-790,20240705,DCE,28,2024-06-07 14:35:26.751269
807,p2408-P-8100,20240705,DCE,28,2024-06-07 14:35:26.751269
808,p2408-C-7800,20240705,DCE,28,2024-06-07 14:35:26.751269
809,m2408-P-3300,20240705,DCE,28,2024-06-07 14:35:26.751269
810,br2407C11800,20240624,SHFE,17,2024-06-07 14:35:26.751269
811,ag2407C7300,20240624,SHFE,17,2024-06-07 14:35:26.751269
812,ru2407C12750,20240624,SHFE,17,2024-06-07 14:35:26.751269
813,br2407C13600,20240624,SHFE,17,2024-06-07 14:35:26.751269
814,ag2407P6700,20240624,SHFE,17,2024-06-07 14:35:26.751269
815,ag2407P7300,20240624,SHFE,17,2024-06-07 14:35:26.751269
816,br2407P15200,20240624,SHFE,17,2024-06-07 14:35:26.751269
817,br2407P13400,20240624,SHFE,17,2024-06-07 14:35:26.751269
818,ru2407P12500,20240624,SHFE,17,2024-06-07 14:35:26.751269
819,ru2407C12500,20240624,SHFE,17,2024-06-07 14:35:26.751269
820,br2407P15600,20240624,SHFE,17,2024-06-07 14:35:26.751269
821,br2407C15600,20240624,SHFE,17,2024-06-07 14:35:26.751269
822,ru2407C17000,20240624,SHFE,17,2024-06-07 14:35:26.751269
823,ru2407C16750,20240624,SHFE,17,2024-06-07 14:35:26.751269
824,ru2407P16750,20240624,SHFE,17,2024-06-07 14:35:26.751269
825,ru2407P17000,20240624,SHFE,17,2024-06-07 14:35:26.751269
826,al2407P24000,20240624,SHFE,17,2024-06-07 14:35:26.751269
827,al2407C24000,20240624,SHFE,17,2024-06-07 14:35:26.751269
828,al2407P24200,20240624,SHFE,17,2024-06-07 14:35:26.751269
829,al2407C24200,20240624,SHFE,17,2024-06-07 14:35:26.751269
830,br2407P16400,20240624,SHFE,17,2024-06-07 14:35:26.751269
831,br2407C16400,20240624,SHFE,17,2024-06-07 14:35:26.751269
832,br2407P16600,20240624,SHFE,17,2024-06-07 14:35:26.751269
833,br2407C16600,20240624,SHFE,17,2024-06-07 14:35:26.751269
834,eb2408-P-10800,20240705,DCE,28,2024-06-07 14:35:26.751269
835,eb2408-C-10800,20240705,DCE,28,2024-06-07 14:35:26.751269
836,m2408-C-2750,20240705,DCE,28,2024-06-07 14:35:26.751269
837,m2408-P-2750,20240705,DCE,28,2024-06-07 14:35:26.751269
838,ag2407P8900,20240624,SHFE,17,2024-06-07 14:35:26.751269
839,ag2407P8800,20240624,SHFE,17,2024-06-07 14:35:26.751269
840,ag2407C8800,20240624,SHFE,17,2024-06-07 14:35:26.751269
841,ag2407C8900,20240624,SHFE,17,2024-06-07 14:35:26.751269
842,ag2407P8700,20240624,SHFE,17,2024-06-07 14:35:26.751269
843,ag2407C9100,20240624,SHFE,17,2024-06-07 14:35:26.751269
844,ag2407C8700,20240624,SHFE,17,2024-06-07 14:35:26.751269
845,ag2407P9100,20240624,SHFE,17,2024-06-07 14:35:26.751269
846,i2408-C-830,20240705,DCE,28,2024-06-07 14:35:26.751269
847,eb2408-P-8700,20240705,DCE,28,2024-06-07 14:35:26.751269
848,m2408-C-2900,20240705,DCE,28,2024-06-07 14:35:26.751269
849,eb2408-P-7500,20240705,DCE,28,2024-06-07 14:35:26.751269
850,m2408-C-2850,20240705,DCE,28,2024-06-07 14:35:26.751269
851,i2408-C-860,20240705,DCE,28,2024-06-07 14:35:26.751269
852,i2408-C-1120,20240705,DCE,28,2024-06-07 14:35:26.751269
853,m2408-C-3050,20240705,DCE,28,2024-06-07 14:35:26.751269
854,i2408-P-840,20240705,DCE,28,2024-06-07 14:35:26.751269
855,p2408-C-6800,20240705,DCE,28,2024-06-07 14:35:26.751269
856,i2408-P-660,20240705,DCE,28,2024-06-07 14:35:26.751269
857,eb2408-C-7000,20240705,DCE,28,2024-06-07 14:35:26.751269
858,i2408-C-800,20240705,DCE,28,2024-06-07 14:35:26.751269
859,eb2408-P-8100,20240705,DCE,28,2024-06-07 14:35:26.751269
860,p2408-C-8500,20240705,DCE,28,2024-06-07 14:35:26.751269
861,i2408-C-890,20240705,DCE,28,2024-06-07 14:35:26.751269
862,m2408-P-3100,20240705,DCE,28,2024-06-07 14:35:26.751269
863,i2408-C-780,20240705,DCE,28,2024-06-07 14:35:26.751269
864,m2408-P-2900,20240705,DCE,28,2024-06-07 14:35:26.751269
865,p2408-C-8100,20240705,DCE,28,2024-06-07 14:35:26.751269
866,p2408-P-7000,20240705,DCE,28,2024-06-07 14:35:26.751269
867,i2408-P-910,20240705,DCE,28,2024-06-07 14:35:26.751269
868,p2408-P-8300,20240705,DCE,28,2024-06-07 14:35:26.751269
869,ag2407P9200,20240624,SHFE,17,2024-06-07 14:35:26.751269
870,ag2407C9200,20240624,SHFE,17,2024-06-07 14:35:26.751269
871,au2407C640,20240624,SHFE,17,2024-06-07 14:35:26.751269
872,au2407P648,20240624,SHFE,17,2024-06-07 14:35:26.751269
873,au2407P640,20240624,SHFE,17,2024-06-07 14:35:26.751269
874,au2407C648,20240624,SHFE,17,2024-06-07 14:35:26.751269
875,br2407C15800,20240624,SHFE,17,2024-06-07 14:35:26.751269
876,br2407P15800,20240624,SHFE,17,2024-06-07 14:35:26.751269
877,lc2408-P-166000,20240705,GFEX,28,2024-06-07 14:35:26.751269
878,lc2408-C-136000,20240705,GFEX,28,2024-06-07 14:35:26.751269
879,lc2408-P-128000,20240705,GFEX,28,2024-06-07 14:35:26.751269
880,lc2408-C-200000,20240705,GFEX,28,2024-06-07 14:35:26.751269
881,lc2408-P-148000,20240705,GFEX,28,2024-06-07 14:35:26.751269
882,lc2408-C-168000,20240705,GFEX,28,2024-06-07 14:35:26.751269
883,m2408-C-3700,20240705,DCE,28,2024-06-07 14:35:26.751269
884,i2408-P-800,20240705,DCE,28,2024-06-07 14:35:26.751269
885,p2408-P-7200,20240705,DCE,28,2024-06-07 14:35:26.751269
886,m2408-C-3300,20240705,DCE,28,2024-06-07 14:35:26.751269
887,eb2408-P-7400,20240705,DCE,28,2024-06-07 14:35:26.751269
888,i2408-P-990,20240705,DCE,28,2024-06-07 14:35:26.751269
889,i2408-C-960,20240705,DCE,28,2024-06-07 14:35:26.751269
890,i2408-C-990,20240705,DCE,28,2024-06-07 14:35:26.751269
891,m2408-P-2950,20240705,DCE,28,2024-06-07 14:35:26.751269
892,i2408-C-690,20240705,DCE,28,2024-06-07 14:35:26.751269
893,i2408-C-770,20240705,DCE,28,2024-06-07 14:35:26.751269
894,i2408-C-1000,20240705,DCE,28,2024-06-07 14:35:26.751269
895,i2408-P-810,20240705,DCE,28,2024-06-07 14:35:26.751269
896,eb2408-C-9400,20240705,DCE,28,2024-06-07 14:35:26.751269
897,eb2408-P-9100,20240705,DCE,28,2024-06-07 14:35:26.751269
898,i2408-P-900,20240705,DCE,28,2024-06-07 14:35:26.751269
899,m2408-P-3800,20240705,DCE,28,2024-06-07 14:35:26.751269
900,eb2408-C-9300,20240705,DCE,28,2024-06-07 14:35:26.751269
901,eb2408-P-7800,20240705,DCE,28,2024-06-07 14:35:26.751269
902,eb2408-P-8800,20240705,DCE,28,2024-06-07 14:35:26.751269
903,lc2408-C-172000,20240705,GFEX,28,2024-06-07 14:35:26.751269
904,lc2408-C-182000,20240705,GFEX,28,2024-06-07 14:35:26.751269
905,lc2408-C-196000,20240705,GFEX,28,2024-06-07 14:35:26.751269
906,lc2408-P-184000,20240705,GFEX,28,2024-06-07 14:35:26.751269
907,lc2408-P-122000,20240705,GFEX,28,2024-06-07 14:35:26.751269
908,si2408-P-12400,20240705,GFEX,28,2024-06-07 14:35:26.751269
909,si2408-C-12400,20240705,GFEX,28,2024-06-07 14:35:26.751269
910,i2408-P-600,20240705,DCE,28,2024-06-07 14:35:26.751269
911,i2408-C-600,20240705,DCE,28,2024-06-07 14:35:26.751269
912,i2408-P-780,20240705,DCE,28,2024-06-07 14:35:26.751269
913,i2408-C-640,20240705,DCE,28,2024-06-07 14:35:26.751269
914,eb2408-C-9000,20240705,DCE,28,2024-06-07 14:35:26.751269
915,eb2408-P-8300,20240705,DCE,28,2024-06-07 14:35:26.751269
916,si2408-P-12600,20240705,GFEX,28,2024-06-07 14:35:26.751269
917,si2408-C-12600,20240705,GFEX,28,2024-06-07 14:35:26.751269
918,i2408-C-820,20240705,DCE,28,2024-06-07 14:35:26.751269
919,m2408-C-3950,20240705,DCE,28,2024-06-07 14:35:26.751269
920,i2408-P-870,20240705,DCE,28,2024-06-07 14:35:26.751269
921,i2408-P-860,20240705,DCE,28,2024-06-07 14:35:26.751269
922,m2408-P-3350,20240705,DCE,28,2024-06-07 14:35:26.751269
923,i2408-P-630,20240705,DCE,28,2024-06-07 14:35:26.751269
924,m2408-C-3750,20240705,DCE,28,2024-06-07 14:35:26.751269
925,p2408-P-7300,20240705,DCE,28,2024-06-07 14:35:26.751269
926,eb2408-C-8600,20240705,DCE,28,2024-06-07 14:35:26.751269
927,p2408-C-7900,20240705,DCE,28,2024-06-07 14:35:26.751269
928,i2408-P-950,20240705,DCE,28,2024-06-07 14:35:26.751269
929,p2408-P-6600,20240705,DCE,28,2024-06-07 14:35:26.751269
930,i2408-C-1080,20240705,DCE,28,2024-06-07 14:35:26.751269
931,i2408-C-790,20240705,DCE,28,2024-06-07 14:35:26.751269
932,p2408-C-6400,20240705,DCE,28,2024-06-07 14:35:26.751269
933,i2408-C-680,20240705,DCE,28,2024-06-07 14:35:26.751269
934,p2408-C-6900,20240705,DCE,28,2024-06-07 14:35:26.751269
935,eb2408-C-7200,20240705,DCE,28,2024-06-07 14:35:26.751269
936,m2408-P-2800,20240705,DCE,28,2024-06-07 14:35:26.751269
937,si2408-P-12200,20240705,GFEX,28,2024-06-07 14:35:26.751269
938,m2408-C-2800,20240705,DCE,28,2024-06-07 14:35:26.751269
939,si2408-C-12200,20240705,GFEX,28,2024-06-07 14:35:26.751269
940,al2407P20800,20240624,SHFE,17,2024-06-07 14:35:26.751269
941,al2407C20800,20240624,SHFE,17,2024-06-07 14:35:26.751269
942,eb2408-P-9000,20240705,DCE,28,2024-06-07 14:35:26.751269
943,m2408-C-3550,20240705,DCE,28,2024-06-07 14:35:26.751269
944,i2408-P-1100,20240705,DCE,28,2024-06-07 14:35:26.751269
945,i2408-C-980,20240705,DCE,28,2024-06-07 14:35:26.751269
946,p2408-P-8200,20240705,DCE,28,2024-06-07 14:35:26.751269
947,i2408-P-740,20240705,DCE,28,2024-06-07 14:35:26.751269
948,eb2408-P-8900,20240705,DCE,28,2024-06-07 14:35:26.751269
949,p2408-P-7500,20240705,DCE,28,2024-06-07 14:35:26.751269
950,i2408-P-590,20240705,DCE,28,2024-06-07 14:35:26.751269
951,p2408-P-8500,20240705,DCE,28,2024-06-07 14:35:26.751269
952,eb2408-P-8400,20240705,DCE,28,2024-06-07 14:35:26.751269
953,m2408-C-3100,20240705,DCE,28,2024-06-07 14:35:26.751269
954,p2408-P-6400,20240705,DCE,28,2024-06-07 14:35:26.751269
955,i2408-C-720,20240705,DCE,28,2024-06-07 14:35:26.751269
956,au2407P632,20240624,SHFE,17,2024-06-07 14:35:26.751269
957,ag2407C8300,20240624,SHFE,17,2024-06-07 14:35:26.751269
958,ag2407P8300,20240624,SHFE,17,2024-06-07 14:35:26.751269
959,au2407C632,20240624,SHFE,17,2024-06-07 14:35:26.751269
960,ag2407P9400,20240624,SHFE,17,2024-06-07 14:35:26.751269
961,ag2407P9300,20240624,SHFE,17,2024-06-07 14:35:26.751269
962,ag2407C9300,20240624,SHFE,17,2024-06-07 14:35:26.751269
963,ag2407C9400,20240624,SHFE,17,2024-06-07 14:35:26.751269
964,cu2407C94000,20240624,SHFE,17,2024-06-07 14:35:26.751269
965,cu2407P94000,20240624,SHFE,17,2024-06-07 14:35:26.751269
966,ag2407P8600,20240624,SHFE,17,2024-06-07 14:35:26.751269
967,ag2407C8600,20240624,SHFE,17,2024-06-07 14:35:26.751269
968,zn2407C27000,20240624,SHFE,17,2024-06-07 14:35:26.751269
969,zn2407P27000,20240624,SHFE,17,2024-06-07 14:35:26.751269
970,br2407P16000,20240624,SHFE,17,2024-06-07 14:35:26.751269
971,br2407C16000,20240624,SHFE,17,2024-06-07 14:35:26.751269
972,p2408-C-6100,20240705,DCE,28,2024-06-07 14:35:26.751269
973,i2408-C-1020,20240705,DCE,28,2024-06-07 14:35:26.751269
974,p2408-C-8600,20240705,DCE,28,2024-06-07 14:35:26.751269
975,i2408-P-720,20240705,DCE,28,2024-06-07 14:35:26.751269
976,i2408-P-570,20240705,DCE,28,2024-06-07 14:35:26.751269
977,p2408-P-6800,20240705,DCE,28,2024-06-07 14:35:26.751269
978,i2408-C-940,20240705,DCE,28,2024-06-07 14:35:26.751269
979,m2408-P-3600,20240705,DCE,28,2024-06-07 14:35:26.751269
980,eb2408-C-8200,20240705,DCE,28,2024-06-07 14:35:26.751269
981,lc2408-C-88000,20240705,GFEX,28,2024-06-07 14:35:26.751269
982,lc2408-C-91000,20240705,GFEX,28,2024-06-07 14:35:26.751269
983,lc2408-P-89000,20240705,GFEX,28,2024-06-07 14:35:26.751269
984,lc2408-C-87000,20240705,GFEX,28,2024-06-07 14:35:26.751269
985,lc2408-P-93000,20240705,GFEX,28,2024-06-07 14:35:26.751269
986,lc2408-P-91000,20240705,GFEX,28,2024-06-07 14:35:26.751269
987,m2408-P-3400,20240705,DCE,28,2024-06-07 14:35:26.751269
988,i2408-P-610,20240705,DCE,28,2024-06-07 14:35:26.751269
989,i2408-C-760,20240705,DCE,28,2024-06-07 14:35:26.751269
990,eb2408-C-7900,20240705,DCE,28,2024-06-07 14:35:26.751269
991,i2408-C-950,20240705,DCE,28,2024-06-07 14:35:26.751269
992,eb2408-C-7700,20240705,DCE,28,2024-06-07 14:35:26.751269
993,eb2408-C-6900,20240705,DCE,28,2024-06-07 14:35:26.751269
994,eb2408-C-7300,20240705,DCE,28,2024-06-07 14:35:26.751269
995,si2408-C-12000,20240705,GFEX,28,2024-06-07 14:35:26.751269
996,si2408-P-12000,20240705,GFEX,28,2024-06-07 14:35:26.751269
997,lc2408-P-90000,20240705,GFEX,28,2024-06-07 14:35:26.751269
998,lc2408-P-87000,20240705,GFEX,28,2024-06-07 14:35:26.751269
999,lc2408-C-93000,20240705,GFEX,28,2024-06-07 14:35:26.751269
1000,lc2408-P-88000,20240705,GFEX,28,2024-06-07 14:35:26.751269
1001,lc2408-C-90000,20240705,GFEX,28,2024-06-07 14:35:26.751269
1002,lc2408-C-89000,20240705,GFEX,28,2024-06-07 14:35:26.751269
1003,lc2408-C-86000,20240705,GFEX,28,2024-06-07 14:35:26.751269
1004,lc2408-C-92000,20240705,GFEX,28,2024-06-07 14:35:26.751269
1005,lc2408-P-86000,20240705,GFEX,28,2024-06-07 14:35:26.751269
1006,lc2408-P-92000,20240705,GFEX,28,2024-06-07 14:35:26.751269
1007,i2408-P-930,20240705,DCE,28,2024-06-07 14:35:26.751269
1008,i2408-P-1080,20240705,DCE,28,2024-06-07 14:35:26.751269
1009,i2408-C-670,20240705,DCE,28,2024-06-07 14:35:26.751269
1010,m2408-P-3650,20240705,DCE,28,2024-06-07 14:35:26.751269
1011,p2408-C-7400,20240705,DCE,28,2024-06-07 14:35:26.751269
1012,p2408-P-6200,20240705,DCE,28,2024-06-07 14:35:26.751269
1013,i2408-C-630,20240705,DCE,28,2024-06-07 14:35:26.751269
1014,eb2408-C-8900,20240705,DCE,28,2024-06-07 14:35:26.751269
1015,i2408-C-970,20240705,DCE,28,2024-06-07 14:35:26.751269
1016,eb2408-P-9300,20240705,DCE,28,2024-06-07 14:35:26.751269
1017,eb2408-C-7400,20240705,DCE,28,2024-06-07 14:35:26.751269
